{"cameraMode":{"drawMode":0,"name":"Shaded","section":"Shading Mode"},"sceneLighting":true,"audioPlay":false,"sceneViewState":{"m_AlwaysRefresh":false,"showFog":true,"showSkybox":true,"showFlares":true,"showImageEffects":true,"showParticleSystems":true,"showVisualEffectGraphs":true,"m_FxEnabled":true},"in2DMode":false,"pivot":{"x":0.3939533233642578,"y":-1.190000057220459,"z":-1.6884536743164063},"rotation":{"x":-0.04737922176718712,"y":0.9482194185256958,"z":-0.2639595568180084,"w":-0.17019829154014588},"size":30.068946838378908,"orthographic":false}